{"cameraMode":{"drawMode":0,"name":"Shaded","section":"Shading Mode"},"sceneLighting":true,"audioPlay":false,"sceneViewState":{"showFog":false,"showMaterialUpdate":false,"showSkybox":true,"showFlares":false,"showImageEffects":false,"showParticleSystems":false},"in2DMode":false,"pivot":{"x":-2.549419403076172,"y":-9.726469039916993,"z":28.418718338012697},"rotation":{"x":0.232553169131279,"y":0.7033495903015137,"z":-0.2649942934513092,"w":0.6172608733177185},"size":22.352399826049806,"orthographic":false}